,0
#explorepage,9
#payalgaming,7
#explore,6
#newpost,4
#bgmi,3
#trending,3
#Payal,2
#reel,2
#korea,2
#instagram,2
#reels,2
#viral,1
#romanticTRADITIONAL,1
#payalgamingFriendship,1
#payalgamingGYAN,1
#payalgamingg,1
#photo,1
#photography,1
#picoftheday,1
#s8ulpayal,1
#s8ul,1
#payal,1
#samsunggalaxy,1
#singaporeTraditional,1
#starsports,1
#tgarmyBhajji,1
#viralWhat,1
#totalgaming,1
#totalgaming3M,1
#travel,1
#samsung,1
#Dynamo,1
#newpostSummer,1
#newpostGuess,1
#bgmilovers,1
#bgmindia,1
#cartoon,1
#cricket,1
#dynamogaming,1
#event,1
#exploreYou,1
#freefire,1
#halloween,1
#harbhajansingh,1
#incrediblecreatorsleague,1
#instagramreels,1
#ipl,1
#ipl2023,1
#iykyk,1
#krafton,1
#lovesongs,1
#mirrorselfie,1
#musicfestival,1
#navratriI,1
#new,1
#youtube,1
